<?xml version="1.0" encoding="UTF-8"?>
<!DOCTYPE part PUBLIC "-//Boost//DTD BoostBook XML V1.0//EN"
  "http://www.boost.org/tools/boostbook/dtd/boostbook.dtd">

<part xmlns:xi="http://www.w3.org/2001/XInclude"
      id="bbv2" last-revision="$Date: 2006-10-08 00:09:22 +0400 (Sun, 08 Oct 2006) $">

  <title>Boost.Build V2 User Manual</title>

  <!-- Chapters -->
  <xi:include href="howto.xml"/>
  <xi:include href="install.xml"/>
  <xi:include href="tutorial.xml"/>
  <xi:include href="advanced.xml"/>
  <xi:include href="tasks.xml"/>
  <xi:include href="extending.xml"/>
  <xi:include href="reference.xml"/>
  <xi:include href="faq.xml"/>

  <!-- Appendicies -->
<!--  <xi:include href="architecture.xml"/> -->
  <xi:include href="v1_vs_v2.xml"/>

</part>
